group,seq,event_type,stage
G1,0,navigate,S0
G1,1,help_click,S0
G1,2,agent_probe,S0
G1,3,submit,S0
G1,4,navigate,S1
G1,5,submit,S1
G1,6,navigate,S2
G1,7,submit,S2
G1,8,navigate,S3
G1,9,submit,S3
G1,10,navigate,S4
G1,11,submit,S4
G1,12,navigate,S5
G1,13,submit,S5
G1,14,navigate,S6
G1,15,submit,S6
G1,16,agent_probe,S5
G1,17,agent_probe,S5
G1,18,agent_probe,S5
G1,19,agent_probe,S5
G1,20,agent_scaffold,S5
G1,21,agent_scaffold,S5
G1,22,agent_scaffold,S5
G2,0,navigate,S0
G2,1,help_click,S0
G2,2,agent_probe,S0
G2,3,submit,S0
G2,4,navigate,S1
G2,5,help_click,S1
G2,6,agent_scaffold,S1
G2,7,submit,S1
G2,8,navigate,S2
G2,9,help_click,S2
G2,10,agent_probe,S2
G2,11,submit,S2
G2,12,navigate,S3
G2,13,help_click,S3
G2,14,agent_probe,S3
G2,15,submit,S3
G2,16,navigate,S4
G2,17,submit,S4
G2,18,navigate,S5
G2,19,submit,S5
G2,20,navigate,S6
G2,21,submit,S6
G2,22,agent_probe,S5
G2,23,agent_probe,S5
G2,24,agent_probe,S5
G2,25,agent_probe,S5
G2,26,agent_probe,S5
G2,27,agent_probe,S5
G2,28,agent_probe,S5
G2,29,agent_probe,S5
G2,30,agent_probe,S5
G2,31,agent_probe,S5
G2,32,agent_probe,S5
G2,33,agent_scaffold,S5
G2,34,agent_scaffold,S5
G2,35,agent_scaffold,S5
G3,0,navigate,S0
G3,1,help_click,S0
G3,2,agent_probe,S0
G3,3,submit,S0
G3,4,navigate,S1
G3,5,help_click,S1
G3,6,agent_scaffold,S1
G3,7,submit,S1
G3,8,navigate,S2
G3,9,help_click,S2
G3,10,agent_probe,S2
G3,11,submit,S2
G3,12,navigate,S3
G3,13,help_click,S3
G3,14,agent_scaffold,S3
G3,15,submit,S3
G3,16,navigate,S4
G3,17,help_click,S4
G3,18,agent_probe,S4
G3,19,submit,S4
G3,20,navigate,S5
G3,21,help_click,S5
G3,22,agent_scaffold,S5
G3,23,submit,S5
G3,24,navigate,S6
G3,25,submit,S6
G3,26,agent_probe,S5
G3,27,agent_probe,S5
G3,28,agent_probe,S5
G3,29,agent_probe,S5
G3,30,agent_probe,S5
G3,31,agent_probe,S5
G3,32,agent_scaffold,S5
G3,33,agent_scaffold,S5
G3,34,agent_scaffold,S5
G4,0,navigate,S0
G4,1,help_click,S0
G4,2,agent_probe,S0
G4,3,help_click,S0
G4,4,agent_scaffold,S0
G4,5,submit,S0
G4,6,navigate,S1
G4,7,help_click,S1
G4,8,agent_scaffold,S1
G4,9,help_click,S1
G4,10,agent_scaffold,S1
G4,11,submit,S1
G4,12,navigate,S2
G4,13,help_click,S2
G4,14,agent_scaffold,S2
G4,15,help_click,S2
G4,16,agent_scaffold,S2
G4,17,submit,S2
G4,18,navigate,S3
G4,19,help_click,S3
G4,20,agent_probe,S3
G4,21,help_click,S3
G4,22,agent_scaffold,S3
G4,23,submit,S3
G4,24,navigate,S4
G4,25,help_click,S4
G4,26,agent_scaffold,S4
G4,27,submit,S4
G4,28,navigate,S5
G4,29,help_click,S5
G4,30,agent_scaffold,S5
G4,31,submit,S5
G4,32,navigate,S6
G4,33,help_click,S6
G4,34,agent_scaffold,S6
G4,35,submit,S6
G4,36,agent_probe,S5
G4,37,agent_scaffold,S5
G4,38,agent_scaffold,S5
G4,39,agent_scaffold,S5
G4,40,agent_scaffold,S5
G4,41,agent_scaffold,S5
G4,42,agent_scaffold,S5
G5,0,navigate,S0
G5,1,help_click,S0
G5,2,agent_probe,S0
G5,3,submit,S0
G5,4,navigate,S1
G5,5,help_click,S1
G5,6,agent_scaffold,S1
G5,7,submit,S1
G5,8,navigate,S2
G5,9,help_click,S2
G5,10,agent_scaffold,S2
G5,11,submit,S2
G5,12,navigate,S3
G5,13,help_click,S3
G5,14,agent_probe,S3
G5,15,submit,S3
G5,16,navigate,S4
G5,17,help_click,S4
G5,18,agent_scaffold,S4
G5,19,submit,S4
G5,20,navigate,S5
G5,21,help_click,S5
G5,22,agent_scaffold,S5
G5,23,submit,S5
G5,24,navigate,S6
G5,25,help_click,S6
G5,26,agent_probe,S6
G5,27,submit,S6
G5,28,agent_probe,S5
G5,29,agent_probe,S5
G5,30,agent_probe,S5
G5,31,agent_probe,S5
G5,32,agent_probe,S5
G5,33,agent_probe,S5
G5,34,agent_probe,S5
G5,35,agent_scaffold,S5
G5,36,agent_scaffold,S5
G5,37,agent_scaffold,S5
G5,38,agent_scaffold,S5
G5,39,agent_scaffold,S5
G5,40,agent_scaffold,S5
G5,41,agent_scaffold,S5
G5,42,agent_scaffold,S5
G5,43,agent_scaffold,S5
G5,44,agent_scaffold,S5
G5,45,agent_scaffold,S5
G5,46,agent_scaffold,S5
G5,47,agent_scaffold,S5
G6,0,navigate,S0
G6,1,help_click,S0
G6,2,agent_probe,S0
G6,3,help_click,S0
G6,4,agent_scaffold,S0
G6,5,submit,S0
G6,6,navigate,S1
G6,7,help_click,S1
G6,8,agent_scaffold,S1
G6,9,help_click,S1
G6,10,agent_scaffold,S1
G6,11,submit,S1
G6,12,navigate,S2
G6,13,help_click,S2
G6,14,agent_probe,S2
G6,15,help_click,S2
G6,16,agent_scaffold,S2
G6,17,submit,S2
G6,18,navigate,S3
G6,19,help_click,S3
G6,20,agent_scaffold,S3
G6,21,help_click,S3
G6,22,agent_probe,S3
G6,23,submit,S3
G6,24,navigate,S4
G6,25,help_click,S4
G6,26,agent_scaffold,S4
G6,27,help_click,S4
G6,28,agent_scaffold,S4
G6,29,submit,S4
G6,30,navigate,S5
G6,31,help_click,S5
G6,32,agent_probe,S5
G6,33,submit,S5
G6,34,navigate,S6
G6,35,help_click,S6
G6,36,agent_scaffold,S6
G6,37,submit,S6
G6,38,agent_probe,S5
G6,39,agent_probe,S5
G6,40,agent_probe,S5
G6,41,agent_probe,S5
G6,42,agent_scaffold,S5
G6,43,agent_scaffold,S5
G6,44,agent_scaffold,S5
G6,45,agent_scaffold,S5
G6,46,agent_scaffold,S5
G6,47,agent_scaffold,S5
G6,48,agent_scaffold,S5
G6,49,agent_scaffold,S5
G7,0,navigate,S0
G7,1,help_click,S0
G7,2,agent_probe,S0
G7,3,help_click,S0
G7,4,agent_scaffold,S0
G7,5,help_click,S0
G7,6,agent_scaffold,S0
G7,7,help_click,S0
G7,8,agent_scaffold,S0
G7,9,help_click,S0
G7,10,agent_scaffold,S0
G7,11,help_click,S0
G7,12,agent_scaffold,S0
G7,13,help_click,S0
G7,14,agent_scaffold,S0
G7,15,help_click,S0
G7,16,agent_scaffold,S0
G7,17,help_click,S0
G7,18,agent_scaffold,S0
G7,19,help_click,S0
G7,20,agent_scaffold,S0
G7,21,help_click,S0
G7,22,agent_scaffold,S0
G7,23,help_click,S0
G7,24,agent_scaffold,S0
G7,25,help_click,S0
G7,26,agent_scaffold,S0
G7,27,help_click,S0
G7,28,agent_scaffold,S0
G7,29,help_click,S0
G7,30,agent_scaffold,S0
G7,31,help_click,S0
G7,32,agent_scaffold,S0
G7,33,help_click,S0
G7,34,agent_scaffold,S0
G7,35,help_click,S0
G7,36,agent_scaffold,S0
G7,37,help_click,S0
G7,38,agent_scaffold,S0
G7,39,help_click,S0
G7,40,agent_scaffold,S0
G7,41,help_click,S0
G7,42,agent_scaffold,S0
G7,43,help_click,S0
G7,44,agent_scaffold,S0
G7,45,help_click,S0
G7,46,agent_scaffold,S0
G7,47,help_click,S0
G7,48,agent_scaffold,S0
G7,49,help_click,S0
G7,50,agent_scaffold,S0
G7,51,help_click,S0
G7,52,agent_scaffold,S0
G7,53,help_click,S0
G7,54,agent_scaffold,S0
G7,55,help_click,S0
G7,56,agent_scaffold,S0
G7,57,help_click,S0
G7,58,agent_scaffold,S0
G7,59,help_click,S0
G7,60,agent_scaffold,S0
G7,61,help_click,S0
G7,62,agent_scaffold,S0
G7,63,help_click,S0
G7,64,agent_probe,S0
G7,65,help_click,S0
G7,66,agent_scaffold,S0
G7,67,help_click,S0
G7,68,agent_scaffold,S0
G7,69,help_click,S0
G7,70,agent_scaffold,S0
G7,71,help_click,S0
G7,72,agent_scaffold,S0
G7,73,help_click,S0
G7,74,agent_scaffold,S0
G7,75,help_click,S0
G7,76,agent_scaffold,S0
G7,77,help_click,S0
G7,78,agent_scaffold,S0
G7,79,help_click,S0
G7,80,agent_scaffold,S0
G7,81,help_click,S0
G7,82,agent_scaffold,S0
G7,83,help_click,S0
G7,84,agent_scaffold,S0
G7,85,help_click,S0
G7,86,agent_scaffold,S0
G7,87,help_click,S0
G7,88,agent_scaffold,S0
G7,89,help_click,S0
G7,90,agent_scaffold,S0
G7,91,help_click,S0
G7,92,agent_scaffold,S0
G7,93,help_click,S0
G7,94,agent_scaffold,S0
G7,95,help_click,S0
G7,96,agent_scaffold,S0
G7,97,help_click,S0
G7,98,agent_scaffold,S0
G7,99,help_click,S0
G7,100,agent_scaffold,S0
G7,101,help_click,S0
G7,102,agent_scaffold,S0
G7,103,help_click,S0
G7,104,agent_scaffold,S0
G7,105,help_click,S0
G7,106,agent_scaffold,S0
G7,107,help_click,S0
G7,108,agent_scaffold,S0
G7,109,help_click,S0
G7,110,agent_scaffold,S0
G7,111,help_click,S0
G7,112,agent_scaffold,S0
G7,113,help_click,S0
G7,114,agent_scaffold,S0
G7,115,help_click,S0
G7,116,agent_scaffold,S0
G7,117,help_click,S0
G7,118,agent_scaffold,S0
G7,119,help_click,S0
G7,120,agent_scaffold,S0
G7,121,help_click,S0
G7,122,agent_scaffold,S0
G7,123,help_click,S0
G7,124,agent_probe,S0
G7,125,help_click,S0
G7,126,agent_scaffold,S0
G7,127,help_click,S0
G7,128,agent_scaffold,S0
G7,129,help_click,S0
G7,130,agent_scaffold,S0
G7,131,help_click,S0
G7,132,agent_scaffold,S0
G7,133,help_click,S0
G7,134,agent_scaffold,S0
G7,135,help_click,S0
G7,136,agent_scaffold,S0
G7,137,help_click,S0
G7,138,agent_scaffold,S0
G7,139,help_click,S0
G7,140,agent_scaffold,S0
G7,141,help_click,S0
G7,142,agent_scaffold,S0
G7,143,help_click,S0
G7,144,agent_scaffold,S0
G7,145,help_click,S0
G7,146,agent_scaffold,S0
G7,147,help_click,S0
G7,148,agent_scaffold,S0
G7,149,help_click,S0
G7,150,agent_scaffold,S0
G7,151,help_click,S0
G7,152,agent_scaffold,S0
G7,153,help_click,S0
G7,154,agent_scaffold,S0
G7,155,help_click,S0
G7,156,agent_scaffold,S0
G7,157,help_click,S0
G7,158,agent_scaffold,S0
G7,159,help_click,S0
G7,160,agent_scaffold,S0
G7,161,help_click,S0
G7,162,agent_scaffold,S0
G7,163,help_click,S0
G7,164,agent_scaffold,S0
G7,165,help_click,S0
G7,166,agent_scaffold,S0
G7,167,help_click,S0
G7,168,agent_scaffold,S0
G7,169,help_click,S0
G7,170,agent_scaffold,S0
G7,171,help_click,S0
G7,172,agent_scaffold,S0
G7,173,help_click,S0
G7,174,agent_scaffold,S0
G7,175,help_click,S0
G7,176,agent_scaffold,S0
G7,177,help_click,S0
G7,178,agent_scaffold,S0
G7,179,help_click,S0
G7,180,agent_scaffold,S0
G7,181,help_click,S0
G7,182,agent_scaffold,S0
G7,183,help_click,S0
G7,184,agent_probe,S0
G7,185,help_click,S0
G7,186,agent_scaffold,S0
G7,187,help_click,S0
G7,188,agent_scaffold,S0
G7,189,help_click,S0
G7,190,agent_scaffold,S0
G7,191,help_click,S0
G7,192,agent_scaffold,S0
G7,193,help_click,S0
G7,194,agent_scaffold,S0
G7,195,help_click,S0
G7,196,agent_scaffold,S0
G7,197,help_click,S0
G7,198,agent_scaffold,S0
G7,199,help_click,S0
G7,200,agent_scaffold,S0
G7,201,help_click,S0
G7,202,agent_scaffold,S0
G7,203,help_click,S0
G7,204,agent_scaffold,S0
G7,205,help_click,S0
G7,206,agent_scaffold,S0
G7,207,help_click,S0
G7,208,agent_scaffold,S0
G7,209,help_click,S0
G7,210,agent_scaffold,S0
G7,211,help_click,S0
G7,212,agent_scaffold,S0
G7,213,help_click,S0
G7,214,agent_scaffold,S0
G7,215,help_click,S0
G7,216,agent_scaffold,S0
G7,217,help_click,S0
G7,218,agent_scaffold,S0
G7,219,help_click,S0
G7,220,agent_scaffold,S0
G7,221,help_click,S0
G7,222,agent_scaffold,S0
G7,223,help_click,S0
G7,224,agent_scaffold,S0
G7,225,help_click,S0
G7,226,agent_scaffold,S0
G7,227,help_click,S0
G7,228,agent_scaffold,S0
G7,229,help_click,S0
G7,230,agent_scaffold,S0
G7,231,help_click,S0
G7,232,agent_scaffold,S0
G7,233,help_click,S0
G7,234,agent_scaffold,S0
G7,235,help_click,S0
G7,236,agent_scaffold,S0
G7,237,help_click,S0
G7,238,agent_scaffold,S0
G7,239,help_click,S0
G7,240,agent_scaffold,S0
G7,241,help_click,S0
G7,242,agent_scaffold,S0
G7,243,help_click,S0
G7,244,agent_scaffold,S0
G7,245,help_click,S0
G7,246,help_click,S0
G7,247,help_click,S0
G7,248,help_click,S0
G7,249,help_click,S0
G7,250,help_click,S0
G7,251,help_click,S0
G7,252,help_click,S0
G7,253,help_click,S0
G7,254,help_click,S0
G7,255,help_click,S0
G7,256,help_click,S0
G7,257,help_click,S0
G7,258,help_click,S0
G7,259,help_click,S0
G7,260,help_click,S0
G7,261,help_click,S0
G7,262,help_click,S0
G7,263,help_click,S0
G7,264,help_click,S0
G7,265,help_click,S0
G7,266,help_click,S0
G7,267,help_click,S0
G7,268,help_click,S0
G7,269,help_click,S0
G7,270,help_click,S0
G7,271,help_click,S0
G7,272,help_click,S0
G7,273,help_click,S0
G7,274,help_click,S0
G7,275,help_click,S0
G7,276,help_click,S0
G7,277,help_click,S0
G7,278,help_click,S0
G7,279,help_click,S0
G7,280,help_click,S0
G7,281,help_click,S0
G7,282,help_click,S0
G7,283,help_click,S0
G7,284,help_click,S0
G7,285,help_click,S0
G7,286,help_click,S0
G7,287,help_click,S0
G7,288,help_click,S0
G7,289,help_click,S0
G7,290,help_click,S0
G7,291,help_click,S0
G7,292,help_click,S0
G7,293,help_click,S0
G7,294,help_click,S0
G7,295,help_click,S0
G7,296,help_click,S0
G7,297,help_click,S0
G7,298,help_click,S0
G7,299,help_click,S0
G7,300,help_click,S0
G7,301,help_click,S0
G7,302,help_click,S0
G7,303,help_click,S0
G7,304,help_click,S0
G7,305,help_click,S0
G7,306,help_click,S0
G7,307,help_click,S0
G7,308,help_click,S0
G7,309,help_click,S0
G7,310,help_click,S0
G7,311,help_click,S0
G7,312,help_click,S0
G7,313,help_click,S0
G7,314,help_click,S0
G7,315,help_click,S0
G7,316,help_click,S0
G7,317,help_click,S0
G7,318,help_click,S0
G7,319,help_click,S0
G7,320,help_click,S0
G7,321,help_click,S0
G7,322,help_click,S0
G7,323,help_click,S0
G7,324,help_click,S0
G7,325,help_click,S0
G7,326,help_click,S0
G7,327,help_click,S0
G7,328,help_click,S0
G7,329,help_click,S0
G7,330,help_click,S0
G7,331,help_click,S0
G7,332,help_click,S0
G7,333,help_click,S0
G7,334,help_click,S0
G7,335,help_click,S0
G7,336,help_click,S0
G7,337,help_click,S0
G7,338,help_click,S0
G7,339,help_click,S0
G7,340,help_click,S0
G7,341,help_click,S0
G7,342,help_click,S0
G7,343,help_click,S0
G7,344,help_click,S0
G7,345,help_click,S0
G7,346,help_click,S0
G7,347,help_click,S0
G7,348,help_click,S0
G7,349,help_click,S0
G7,350,help_click,S0
G7,351,help_click,S0
G7,352,help_click,S0
G7,353,help_click,S0
G7,354,help_click,S0
G7,355,help_click,S0
G7,356,help_click,S0
G7,357,help_click,S0
G7,358,help_click,S0
G7,359,help_click,S0
G7,360,help_click,S0
G7,361,help_click,S0
G7,362,help_click,S0
G7,363,help_click,S0
G7,364,help_click,S0
G7,365,help_click,S0
G7,366,help_click,S0
G7,367,help_click,S0
G7,368,help_click,S0
G7,369,help_click,S0
G7,370,help_click,S0
G7,371,help_click,S0
G7,372,help_click,S0
G7,373,help_click,S0
G7,374,help_click,S0
G7,375,help_click,S0
G7,376,help_click,S0
G7,377,help_click,S0
G7,378,help_click,S0
G7,379,help_click,S0
G7,380,help_click,S0
G7,381,help_click,S0
G7,382,help_click,S0
G7,383,help_click,S0
G7,384,help_click,S0
G7,385,help_click,S0
G7,386,help_click,S0
G7,387,help_click,S0
G7,388,help_click,S0
G7,389,help_click,S0
G7,390,help_click,S0
G7,391,help_click,S0
G7,392,help_click,S0
G7,393,help_click,S0
G7,394,help_click,S0
G7,395,help_click,S0
G7,396,help_click,S0
G7,397,help_click,S0
G7,398,help_click,S0
G7,399,help_click,S0
G7,400,help_click,S0
G7,401,help_click,S0
G7,402,help_click,S0
G7,403,help_click,S0
G7,404,help_click,S0
G7,405,help_click,S0
G7,406,help_click,S0
G7,407,help_click,S0
G7,408,help_click,S0
G7,409,help_click,S0
G7,410,help_click,S0
G7,411,help_click,S0
G7,412,help_click,S0
G7,413,help_click,S0
G7,414,help_click,S0
G7,415,help_click,S0
G7,416,help_click,S0
G7,417,help_click,S0
G7,418,help_click,S0
G7,419,help_click,S0
G7,420,help_click,S0
G7,421,help_click,S0
G7,422,help_click,S0
G7,423,help_click,S0
G7,424,help_click,S0
G7,425,help_click,S0
G7,426,help_click,S0
G7,427,help_click,S0
G7,428,help_click,S0
G7,429,help_click,S0
G7,430,help_click,S0
G7,431,help_click,S0
G7,432,help_click,S0
G7,433,help_click,S0
G7,434,help_click,S0
G7,435,help_click,S0
G7,436,help_click,S0
G7,437,help_click,S0
G7,438,help_click,S0
G7,439,help_click,S0
G7,440,help_click,S0
G7,441,help_click,S0
G7,442,help_click,S0
G7,443,help_click,S0
G7,444,help_click,S0
G7,445,help_click,S0
G7,446,help_click,S0
G7,447,help_click,S0
G7,448,help_click,S0
G7,449,help_click,S0
G7,450,submit,S0
G7,451,navigate,S1
G7,452,help_click,S1
G7,453,help_click,S1
G7,454,help_click,S1
G7,455,help_click,S1
G7,456,help_click,S1
G7,457,help_click,S1
G7,458,help_click,S1
G7,459,help_click,S1
G7,460,help_click,S1
G7,461,help_click,S1
G7,462,help_click,S1
G7,463,help_click,S1
G7,464,help_click,S1
G7,465,help_click,S1
G7,466,help_click,S1
G7,467,help_click,S1
G7,468,help_click,S1
G7,469,help_click,S1
G7,470,help_click,S1
G7,471,help_click,S1
G7,472,help_click,S1
G7,473,help_click,S1
G7,474,help_click,S1
G7,475,help_click,S1
G7,476,help_click,S1
G7,477,help_click,S1
G7,478,help_click,S1
G7,479,help_click,S1
G7,480,help_click,S1
G7,481,help_click,S1
G7,482,help_click,S1
G7,483,help_click,S1
G7,484,help_click,S1
G7,485,help_click,S1
G7,486,help_click,S1
G7,487,help_click,S1
G7,488,help_click,S1
G7,489,help_click,S1
G7,490,help_click,S1
G7,491,help_click,S1
G7,492,help_click,S1
G7,493,help_click,S1
G7,494,help_click,S1
G7,495,help_click,S1
G7,496,help_click,S1
G7,497,help_click,S1
G7,498,help_click,S1
G7,499,help_click,S1
G7,500,help_click,S1
G7,501,help_click,S1
G7,502,help_click,S1
G7,503,help_click,S1
G7,504,help_click,S1
G7,505,help_click,S1
G7,506,help_click,S1
G7,507,help_click,S1
G7,508,help_click,S1
G7,509,help_click,S1
G7,510,help_click,S1
G7,511,help_click,S1
G7,512,help_click,S1
G7,513,help_click,S1
G7,514,help_click,S1
G7,515,help_click,S1
G7,516,help_click,S1
G7,517,help_click,S1
G7,518,help_click,S1
G7,519,help_click,S1
G7,520,help_click,S1
G7,521,help_click,S1
G7,522,help_click,S1
G7,523,help_click,S1
G7,524,help_click,S1
G7,525,help_click,S1
G7,526,help_click,S1
G7,527,help_click,S1
G7,528,help_click,S1
G7,529,help_click,S1
G7,530,help_click,S1
G7,531,help_click,S1
G7,532,help_click,S1
G7,533,help_click,S1
G7,534,help_click,S1
G7,535,help_click,S1
G7,536,help_click,S1
G7,537,help_click,S1
G7,538,help_click,S1
G7,539,help_click,S1
G7,540,help_click,S1
G7,541,help_click,S1
G7,542,help_click,S1
G7,543,help_click,S1
G7,544,help_click,S1
G7,545,help_click,S1
G7,546,help_click,S1
G7,547,help_click,S1
G7,548,help_click,S1
G7,549,help_click,S1
G7,550,help_click,S1
G7,551,help_click,S1
G7,552,help_click,S1
G7,553,help_click,S1
G7,554,help_click,S1
G7,555,help_click,S1
G7,556,help_click,S1
G7,557,help_click,S1
G7,558,help_click,S1
G7,559,help_click,S1
G7,560,help_click,S1
G7,561,help_click,S1
G7,562,help_click,S1
G7,563,help_click,S1
G7,564,help_click,S1
G7,565,help_click,S1
G7,566,help_click,S1
G7,567,help_click,S1
G7,568,help_click,S1
G7,569,help_click,S1
G7,570,help_click,S1
G7,571,help_click,S1
G7,572,help_click,S1
G7,573,help_click,S1
G7,574,help_click,S1
G7,575,help_click,S1
G7,576,help_click,S1
G7,577,help_click,S1
G7,578,help_click,S1
G7,579,help_click,S1
G7,580,help_click,S1
G7,581,help_click,S1
G7,582,help_click,S1
G7,583,help_click,S1
G7,584,help_click,S1
G7,585,help_click,S1
G7,586,help_click,S1
G7,587,help_click,S1
G7,588,help_click,S1
G7,589,help_click,S1
G7,590,help_click,S1
G7,591,help_click,S1
G7,592,help_click,S1
G7,593,help_click,S1
G7,594,help_click,S1
G7,595,help_click,S1
G7,596,help_click,S1
G7,597,help_click,S1
G7,598,help_click,S1
G7,599,help_click,S1
G7,600,help_click,S1
G7,601,help_click,S1
G7,602,help_click,S1
G7,603,help_click,S1
G7,604,help_click,S1
G7,605,help_click,S1
G7,606,help_click,S1
G7,607,help_click,S1
G7,608,help_click,S1
G7,609,help_click,S1
G7,610,help_click,S1
G7,611,help_click,S1
G7,612,help_click,S1
G7,613,help_click,S1
G7,614,help_click,S1
G7,615,help_click,S1
G7,616,help_click,S1
G7,617,help_click,S1
G7,618,help_click,S1
G7,619,help_click,S1
G7,620,help_click,S1
G7,621,help_click,S1
G7,622,help_click,S1
G7,623,help_click,S1
G7,624,help_click,S1
G7,625,help_click,S1
G7,626,help_click,S1
G7,627,help_click,S1
G7,628,help_click,S1
G7,629,help_click,S1
G7,630,help_click,S1
G7,631,help_click,S1
G7,632,help_click,S1
G7,633,help_click,S1
G7,634,help_click,S1
G7,635,help_click,S1
G7,636,help_click,S1
G7,637,help_click,S1
G7,638,help_click,S1
G7,639,help_click,S1
G7,640,help_click,S1
G7,641,help_click,S1
G7,642,help_click,S1
G7,643,help_click,S1
G7,644,help_click,S1
G7,645,help_click,S1
G7,646,help_click,S1
G7,647,help_click,S1
G7,648,help_click,S1
G7,649,help_click,S1
G7,650,help_click,S1
G7,651,help_click,S1
G7,652,help_click,S1
G7,653,help_click,S1
G7,654,help_click,S1
G7,655,help_click,S1
G7,656,help_click,S1
G7,657,help_click,S1
G7,658,help_click,S1
G7,659,help_click,S1
G7,660,help_click,S1
G7,661,help_click,S1
G7,662,help_click,S1
G7,663,help_click,S1
G7,664,help_click,S1
G7,665,help_click,S1
G7,666,help_click,S1
G7,667,help_click,S1
G7,668,help_click,S1
G7,669,help_click,S1
G7,670,help_click,S1
G7,671,help_click,S1
G7,672,help_click,S1
G7,673,help_click,S1
G7,674,help_click,S1
G7,675,help_click,S1
G7,676,help_click,S1
G7,677,help_click,S1
G7,678,help_click,S1
G7,679,help_click,S1
G7,680,help_click,S1
G7,681,help_click,S1
G7,682,help_click,S1
G7,683,help_click,S1
G7,684,help_click,S1
G7,685,help_click,S1
G7,686,help_click,S1
G7,687,help_click,S1
G7,688,help_click,S1
G7,689,help_click,S1
G7,690,help_click,S1
G7,691,help_click,S1
G7,692,help_click,S1
G7,693,help_click,S1
G7,694,help_click,S1
G7,695,help_click,S1
G7,696,help_click,S1
G7,697,help_click,S1
G7,698,help_click,S1
G7,699,help_click,S1
G7,700,help_click,S1
G7,701,help_click,S1
G7,702,help_click,S1
G7,703,help_click,S1
G7,704,help_click,S1
G7,705,help_click,S1
G7,706,help_click,S1
G7,707,help_click,S1
G7,708,help_click,S1
G7,709,help_click,S1
G7,710,help_click,S1
G7,711,help_click,S1
G7,712,help_click,S1
G7,713,help_click,S1
G7,714,help_click,S1
G7,715,help_click,S1
G7,716,help_click,S1
G7,717,help_click,S1
G7,718,help_click,S1
G7,719,help_click,S1
G7,720,help_click,S1
G7,721,help_click,S1
G7,722,help_click,S1
G7,723,help_click,S1
G7,724,help_click,S1
G7,725,help_click,S1
G7,726,help_click,S1
G7,727,help_click,S1
G7,728,help_click,S1
G7,729,help_click,S1
G7,730,help_click,S1
G7,731,help_click,S1
G7,732,help_click,S1
G7,733,help_click,S1
G7,734,help_click,S1
G7,735,help_click,S1
G7,736,help_click,S1
G7,737,help_click,S1
G7,738,help_click,S1
G7,739,help_click,S1
G7,740,help_click,S1
G7,741,help_click,S1
G7,742,help_click,S1
G7,743,help_click,S1
G7,744,help_click,S1
G7,745,help_click,S1
G7,746,help_click,S1
G7,747,help_click,S1
G7,748,help_click,S1
G7,749,help_click,S1
G7,750,help_click,S1
G7,751,help_click,S1
G7,752,help_click,S1
G7,753,help_click,S1
G7,754,help_click,S1
G7,755,help_click,S1
G7,756,help_click,S1
G7,757,help_click,S1
G7,758,help_click,S1
G7,759,help_click,S1
G7,760,help_click,S1
G7,761,help_click,S1
G7,762,help_click,S1
G7,763,help_click,S1
G7,764,help_click,S1
G7,765,help_click,S1
G7,766,help_click,S1
G7,767,help_click,S1
G7,768,help_click,S1
G7,769,help_click,S1
G7,770,help_click,S1
G7,771,help_click,S1
G7,772,help_click,S1
G7,773,help_click,S1
G7,774,help_click,S1
G7,775,help_click,S1
G7,776,help_click,S1
G7,777,help_click,S1
G7,778,help_click,S1
G7,779,submit,S1
G7,780,navigate,S2
G7,781,help_click,S2
G7,782,help_click,S2
G7,783,help_click,S2
G7,784,help_click,S2
G7,785,help_click,S2
G7,786,help_click,S2
G7,787,help_click,S2
G7,788,help_click,S2
G7,789,help_click,S2
G7,790,help_click,S2
G7,791,help_click,S2
G7,792,help_click,S2
G7,793,help_click,S2
G7,794,help_click,S2
G7,795,help_click,S2
G7,796,help_click,S2
G7,797,help_click,S2
G7,798,help_click,S2
G7,799,help_click,S2
G7,800,help_click,S2
G7,801,help_click,S2
G7,802,help_click,S2
G7,803,help_click,S2
G7,804,help_click,S2
G7,805,help_click,S2
G7,806,help_click,S2
G7,807,help_click,S2
G7,808,help_click,S2
G7,809,help_click,S2
G7,810,help_click,S2
G7,811,help_click,S2
G7,812,help_click,S2
G7,813,help_click,S2
G7,814,help_click,S2
G7,815,help_click,S2
G7,816,help_click,S2
G7,817,help_click,S2
G7,818,help_click,S2
G7,819,help_click,S2
G7,820,help_click,S2
G7,821,help_click,S2
G7,822,help_click,S2
G7,823,help_click,S2
G7,824,help_click,S2
G7,825,help_click,S2
G7,826,help_click,S2
G7,827,help_click,S2
G7,828,help_click,S2
G7,829,help_click,S2
G7,830,help_click,S2
G7,831,help_click,S2
G7,832,help_click,S2
G7,833,help_click,S2
G7,834,help_click,S2
G7,835,help_click,S2
G7,836,help_click,S2
G7,837,help_click,S2
G7,838,help_click,S2
G7,839,help_click,S2
G7,840,help_click,S2
G7,841,help_click,S2
G7,842,help_click,S2
G7,843,help_click,S2
G7,844,help_click,S2
G7,845,help_click,S2
G7,846,help_click,S2
G7,847,help_click,S2
G7,848,help_click,S2
G7,849,help_click,S2
G7,850,help_click,S2
G7,851,help_click,S2
G7,852,help_click,S2
G7,853,help_click,S2
G7,854,help_click,S2
G7,855,help_click,S2
G7,856,help_click,S2
G7,857,help_click,S2
G7,858,help_click,S2
G7,859,help_click,S2
G7,860,help_click,S2
G7,861,help_click,S2
G7,862,help_click,S2
G7,863,help_click,S2
G7,864,help_click,S2
G7,865,help_click,S2
G7,866,help_click,S2
G7,867,help_click,S2
G7,868,help_click,S2
G7,869,help_click,S2
G7,870,help_click,S2
G7,871,help_click,S2
G7,872,help_click,S2
G7,873,help_click,S2
G7,874,help_click,S2
G7,875,help_click,S2
G7,876,help_click,S2
G7,877,help_click,S2
G7,878,help_click,S2
G7,879,help_click,S2
G7,880,help_click,S2
G7,881,help_click,S2
G7,882,help_click,S2
G7,883,help_click,S2
G7,884,help_click,S2
G7,885,help_click,S2
G7,886,help_click,S2
G7,887,help_click,S2
G7,888,help_click,S2
G7,889,help_click,S2
G7,890,help_click,S2
G7,891,help_click,S2
G7,892,help_click,S2
G7,893,help_click,S2
G7,894,help_click,S2
G7,895,help_click,S2
G7,896,help_click,S2
G7,897,help_click,S2
G7,898,help_click,S2
G7,899,help_click,S2
G7,900,help_click,S2
G7,901,help_click,S2
G7,902,help_click,S2
G7,903,help_click,S2
G7,904,help_click,S2
G7,905,help_click,S2
G7,906,help_click,S2
G7,907,help_click,S2
G7,908,help_click,S2
G7,909,help_click,S2
G7,910,help_click,S2
G7,911,help_click,S2
G7,912,help_click,S2
G7,913,help_click,S2
G7,914,help_click,S2
G7,915,help_click,S2
G7,916,help_click,S2
G7,917,help_click,S2
G7,918,help_click,S2
G7,919,help_click,S2
G7,920,help_click,S2
G7,921,help_click,S2
G7,922,help_click,S2
G7,923,help_click,S2
G7,924,help_click,S2
G7,925,help_click,S2
G7,926,help_click,S2
G7,927,help_click,S2
G7,928,help_click,S2
G7,929,help_click,S2
G7,930,help_click,S2
G7,931,help_click,S2
G7,932,help_click,S2
G7,933,help_click,S2
G7,934,help_click,S2
G7,935,help_click,S2
G7,936,help_click,S2
G7,937,help_click,S2
G7,938,help_click,S2
G7,939,help_click,S2
G7,940,help_click,S2
G7,941,help_click,S2
G7,942,help_click,S2
G7,943,help_click,S2
G7,944,help_click,S2
G7,945,help_click,S2
G7,946,help_click,S2
G7,947,help_click,S2
G7,948,help_click,S2
G7,949,help_click,S2
G7,950,help_click,S2
G7,951,help_click,S2
G7,952,help_click,S2
G7,953,help_click,S2
G7,954,help_click,S2
G7,955,help_click,S2
G7,956,help_click,S2
G7,957,help_click,S2
G7,958,help_click,S2
G7,959,help_click,S2
G7,960,help_click,S2
G7,961,help_click,S2
G7,962,help_click,S2
G7,963,help_click,S2
G7,964,help_click,S2
G7,965,help_click,S2
G7,966,help_click,S2
G7,967,help_click,S2
G7,968,help_click,S2
G7,969,help_click,S2
G7,970,help_click,S2
G7,971,help_click,S2
G7,972,help_click,S2
G7,973,help_click,S2
G7,974,help_click,S2
G7,975,help_click,S2
G7,976,help_click,S2
G7,977,help_click,S2
G7,978,help_click,S2
G7,979,help_click,S2
G7,980,help_click,S2
G7,981,help_click,S2
G7,982,help_click,S2
G7,983,help_click,S2
G7,984,help_click,S2
G7,985,help_click,S2
G7,986,help_click,S2
G7,987,help_click,S2
G7,988,help_click,S2
G7,989,help_click,S2
G7,990,help_click,S2
G7,991,help_click,S2
G7,992,help_click,S2
G7,993,help_click,S2
G7,994,help_click,S2
G7,995,help_click,S2
G7,996,help_click,S2
G7,997,help_click,S2
G7,998,help_click,S2
G7,999,help_click,S2
G7,1000,help_click,S2
G7,1001,help_click,S2
G7,1002,help_click,S2
G7,1003,help_click,S2
G7,1004,help_click,S2
G7,1005,help_click,S2
G7,1006,help_click,S2
G7,1007,help_click,S2
G7,1008,help_click,S2
G7,1009,help_click,S2
G7,1010,help_click,S2
G7,1011,help_click,S2
G7,1012,help_click,S2
G7,1013,help_click,S2
G7,1014,help_click,S2
G7,1015,help_click,S2
G7,1016,help_click,S2
G7,1017,help_click,S2
G7,1018,help_click,S2
G7,1019,help_click,S2
G7,1020,help_click,S2
G7,1021,help_click,S2
G7,1022,help_click,S2
G7,1023,help_click,S2
G7,1024,help_click,S2
G7,1025,help_click,S2
G7,1026,help_click,S2
G7,1027,help_click,S2
G7,1028,help_click,S2
G7,1029,help_click,S2
G7,1030,help_click,S2
G7,1031,help_click,S2
G7,1032,help_click,S2
G7,1033,help_click,S2
G7,1034,help_click,S2
G7,1035,help_click,S2
G7,1036,help_click,S2
G7,1037,help_click,S2
G7,1038,help_click,S2
G7,1039,help_click,S2
G7,1040,help_click,S2
G7,1041,help_click,S2
G7,1042,help_click,S2
G7,1043,help_click,S2
G7,1044,help_click,S2
G7,1045,help_click,S2
G7,1046,help_click,S2
G7,1047,help_click,S2
G7,1048,help_click,S2
G7,1049,help_click,S2
G7,1050,help_click,S2
G7,1051,help_click,S2
G7,1052,help_click,S2
G7,1053,help_click,S2
G7,1054,help_click,S2
G7,1055,help_click,S2
G7,1056,help_click,S2
G7,1057,help_click,S2
G7,1058,help_click,S2
G7,1059,help_click,S2
G7,1060,help_click,S2
G7,1061,help_click,S2
G7,1062,help_click,S2
G7,1063,help_click,S2
G7,1064,help_click,S2
G7,1065,help_click,S2
G7,1066,help_click,S2
G7,1067,help_click,S2
G7,1068,help_click,S2
G7,1069,help_click,S2
G7,1070,help_click,S2
G7,1071,help_click,S2
G7,1072,help_click,S2
G7,1073,help_click,S2
G7,1074,help_click,S2
G7,1075,help_click,S2
G7,1076,help_click,S2
G7,1077,help_click,S2
G7,1078,help_click,S2
G7,1079,help_click,S2
G7,1080,help_click,S2
G7,1081,help_click,S2
G7,1082,help_click,S2
G7,1083,help_click,S2
G7,1084,help_click,S2
G7,1085,help_click,S2
G7,1086,help_click,S2
G7,1087,help_click,S2
G7,1088,help_click,S2
G7,1089,help_click,S2
G7,1090,help_click,S2
G7,1091,help_click,S2
G7,1092,help_click,S2
G7,1093,help_click,S2
G7,1094,help_click,S2
G7,1095,help_click,S2
G7,1096,help_click,S2
G7,1097,help_click,S2
G7,1098,help_click,S2
G7,1099,help_click,S2
G7,1100,help_click,S2
G7,1101,help_click,S2
G7,1102,help_click,S2
G7,1103,help_click,S2
G7,1104,help_click,S2
G7,1105,help_click,S2
G7,1106,help_click,S2
G7,1107,help_click,S2
G7,1108,submit,S2
G7,1109,navigate,S3
G7,1110,help_click,S3
G7,1111,help_click,S3
G7,1112,help_click,S3
G7,1113,help_click,S3
G7,1114,help_click,S3
G7,1115,help_click,S3
G7,1116,help_click,S3
G7,1117,help_click,S3
G7,1118,help_click,S3
G7,1119,help_click,S3
G7,1120,help_click,S3
G7,1121,help_click,S3
G7,1122,help_click,S3
G7,1123,help_click,S3
G7,1124,help_click,S3
G7,1125,help_click,S3
G7,1126,help_click,S3
G7,1127,help_click,S3
G7,1128,help_click,S3
G7,1129,help_click,S3
G7,1130,help_click,S3
G7,1131,help_click,S3
G7,1132,help_click,S3
G7,1133,help_click,S3
G7,1134,help_click,S3
G7,1135,help_click,S3
G7,1136,help_click,S3
G7,1137,help_click,S3
G7,1138,help_click,S3
G7,1139,help_click,S3
G7,1140,help_click,S3
G7,1141,help_click,S3
G7,1142,help_click,S3
G7,1143,help_click,S3
G7,1144,help_click,S3
G7,1145,help_click,S3
G7,1146,help_click,S3
G7,1147,help_click,S3
G7,1148,help_click,S3
G7,1149,help_click,S3
G7,1150,help_click,S3
G7,1151,help_click,S3
G7,1152,help_click,S3
G7,1153,help_click,S3
G7,1154,help_click,S3
G7,1155,help_click,S3
G7,1156,help_click,S3
G7,1157,help_click,S3
G7,1158,help_click,S3
G7,1159,help_click,S3
G7,1160,help_click,S3
G7,1161,help_click,S3
G7,1162,help_click,S3
G7,1163,help_click,S3
G7,1164,help_click,S3
G7,1165,help_click,S3
G7,1166,help_click,S3
G7,1167,help_click,S3
G7,1168,help_click,S3
G7,1169,help_click,S3
G7,1170,help_click,S3
G7,1171,help_click,S3
G7,1172,help_click,S3
G7,1173,help_click,S3
G7,1174,help_click,S3
G7,1175,help_click,S3
G7,1176,help_click,S3
G7,1177,help_click,S3
G7,1178,help_click,S3
G7,1179,help_click,S3
G7,1180,help_click,S3
G7,1181,help_click,S3
G7,1182,help_click,S3
G7,1183,help_click,S3
G7,1184,help_click,S3
G7,1185,help_click,S3
G7,1186,help_click,S3
G7,1187,help_click,S3
G7,1188,help_click,S3
G7,1189,help_click,S3
G7,1190,help_click,S3
G7,1191,help_click,S3
G7,1192,help_click,S3
G7,1193,help_click,S3
G7,1194,help_click,S3
G7,1195,help_click,S3
G7,1196,help_click,S3
G7,1197,help_click,S3
G7,1198,help_click,S3
G7,1199,help_click,S3
G7,1200,help_click,S3
G7,1201,help_click,S3
G7,1202,help_click,S3
G7,1203,help_click,S3
G7,1204,help_click,S3
G7,1205,help_click,S3
G7,1206,help_click,S3
G7,1207,help_click,S3
G7,1208,help_click,S3
G7,1209,help_click,S3
G7,1210,help_click,S3
G7,1211,help_click,S3
G7,1212,help_click,S3
G7,1213,help_click,S3
G7,1214,help_click,S3
G7,1215,help_click,S3
G7,1216,help_click,S3
G7,1217,help_click,S3
G7,1218,help_click,S3
G7,1219,help_click,S3
G7,1220,help_click,S3
G7,1221,help_click,S3
G7,1222,help_click,S3
G7,1223,help_click,S3
G7,1224,help_click,S3
G7,1225,help_click,S3
G7,1226,help_click,S3
G7,1227,help_click,S3
G7,1228,help_click,S3
G7,1229,help_click,S3
G7,1230,help_click,S3
G7,1231,help_click,S3
G7,1232,help_click,S3
G7,1233,help_click,S3
G7,1234,help_click,S3
G7,1235,help_click,S3
G7,1236,help_click,S3
G7,1237,help_click,S3
G7,1238,help_click,S3
G7,1239,help_click,S3
G7,1240,help_click,S3
G7,1241,help_click,S3
G7,1242,help_click,S3
G7,1243,help_click,S3
G7,1244,help_click,S3
G7,1245,help_click,S3
G7,1246,help_click,S3
G7,1247,help_click,S3
G7,1248,help_click,S3
G7,1249,help_click,S3
G7,1250,help_click,S3
G7,1251,help_click,S3
G7,1252,help_click,S3
G7,1253,help_click,S3
G7,1254,help_click,S3
G7,1255,help_click,S3
G7,1256,help_click,S3
G7,1257,help_click,S3
G7,1258,help_click,S3
G7,1259,help_click,S3
G7,1260,help_click,S3
G7,1261,help_click,S3
G7,1262,help_click,S3
G7,1263,help_click,S3
G7,1264,help_click,S3
G7,1265,help_click,S3
G7,1266,help_click,S3
G7,1267,help_click,S3
G7,1268,help_click,S3
G7,1269,help_click,S3
G7,1270,help_click,S3
G7,1271,help_click,S3
G7,1272,help_click,S3
G7,1273,help_click,S3
G7,1274,help_click,S3
G7,1275,help_click,S3
G7,1276,help_click,S3
G7,1277,help_click,S3
G7,1278,help_click,S3
G7,1279,help_click,S3
G7,1280,help_click,S3
G7,1281,help_click,S3
G7,1282,help_click,S3
G7,1283,help_click,S3
G7,1284,help_click,S3
G7,1285,help_click,S3
G7,1286,help_click,S3
G7,1287,help_click,S3
G7,1288,help_click,S3
G7,1289,help_click,S3
G7,1290,help_click,S3
G7,1291,help_click,S3
G7,1292,help_click,S3
G7,1293,help_click,S3
G7,1294,help_click,S3
G7,1295,help_click,S3
G7,1296,help_click,S3
G7,1297,help_click,S3
G7,1298,help_click,S3
G7,1299,help_click,S3
G7,1300,help_click,S3
G7,1301,help_click,S3
G7,1302,help_click,S3
G7,1303,help_click,S3
G7,1304,help_click,S3
G7,1305,help_click,S3
G7,1306,help_click,S3
G7,1307,help_click,S3
G7,1308,help_click,S3
G7,1309,help_click,S3
G7,1310,help_click,S3
G7,1311,help_click,S3
G7,1312,help_click,S3
G7,1313,help_click,S3
G7,1314,help_click,S3
G7,1315,help_click,S3
G7,1316,help_click,S3
G7,1317,help_click,S3
G7,1318,help_click,S3
G7,1319,help_click,S3
G7,1320,help_click,S3
G7,1321,help_click,S3
G7,1322,help_click,S3
G7,1323,help_click,S3
G7,1324,help_click,S3
G7,1325,help_click,S3
G7,1326,help_click,S3
G7,1327,help_click,S3
G7,1328,help_click,S3
G7,1329,help_click,S3
G7,1330,help_click,S3
G7,1331,help_click,S3
G7,1332,help_click,S3
G7,1333,help_click,S3
G7,1334,help_click,S3
G7,1335,help_click,S3
G7,1336,help_click,S3
G7,1337,help_click,S3
G7,1338,help_click,S3
G7,1339,help_click,S3
G7,1340,help_click,S3
G7,1341,help_click,S3
G7,1342,help_click,S3
G7,1343,help_click,S3
G7,1344,help_click,S3
G7,1345,help_click,S3
G7,1346,help_click,S3
G7,1347,help_click,S3
G7,1348,help_click,S3
G7,1349,help_click,S3
G7,1350,help_click,S3
G7,1351,help_click,S3
G7,1352,help_click,S3
G7,1353,help_click,S3
G7,1354,help_click,S3
G7,1355,help_click,S3
G7,1356,help_click,S3
G7,1357,help_click,S3
G7,1358,help_click,S3
G7,1359,help_click,S3
G7,1360,help_click,S3
G7,1361,help_click,S3
G7,1362,help_click,S3
G7,1363,help_click,S3
G7,1364,help_click,S3
G7,1365,help_click,S3
G7,1366,help_click,S3
G7,1367,help_click,S3
G7,1368,help_click,S3
G7,1369,help_click,S3
G7,1370,help_click,S3
G7,1371,help_click,S3
G7,1372,help_click,S3
G7,1373,help_click,S3
G7,1374,help_click,S3
G7,1375,help_click,S3
G7,1376,help_click,S3
G7,1377,help_click,S3
G7,1378,help_click,S3
G7,1379,help_click,S3
G7,1380,help_click,S3
G7,1381,help_click,S3
G7,1382,help_click,S3
G7,1383,help_click,S3
G7,1384,help_click,S3
G7,1385,help_click,S3
G7,1386,help_click,S3
G7,1387,help_click,S3
G7,1388,help_click,S3
G7,1389,help_click,S3
G7,1390,help_click,S3
G7,1391,help_click,S3
G7,1392,help_click,S3
G7,1393,help_click,S3
G7,1394,help_click,S3
G7,1395,help_click,S3
G7,1396,help_click,S3
G7,1397,help_click,S3
G7,1398,help_click,S3
G7,1399,help_click,S3
G7,1400,help_click,S3
G7,1401,help_click,S3
G7,1402,help_click,S3
G7,1403,help_click,S3
G7,1404,help_click,S3
G7,1405,help_click,S3
G7,1406,help_click,S3
G7,1407,help_click,S3
G7,1408,help_click,S3
G7,1409,help_click,S3
G7,1410,help_click,S3
G7,1411,help_click,S3
G7,1412,help_click,S3
G7,1413,help_click,S3
G7,1414,help_click,S3
G7,1415,help_click,S3
G7,1416,help_click,S3
G7,1417,help_click,S3
G7,1418,help_click,S3
G7,1419,help_click,S3
G7,1420,help_click,S3
G7,1421,help_click,S3
G7,1422,help_click,S3
G7,1423,help_click,S3
G7,1424,help_click,S3
G7,1425,help_click,S3
G7,1426,help_click,S3
G7,1427,help_click,S3
G7,1428,help_click,S3
G7,1429,help_click,S3
G7,1430,help_click,S3
G7,1431,help_click,S3
G7,1432,help_click,S3
G7,1433,help_click,S3
G7,1434,help_click,S3
G7,1435,help_click,S3
G7,1436,help_click,S3
G7,1437,submit,S3
G7,1438,navigate,S4
G7,1439,help_click,S4
G7,1440,help_click,S4
G7,1441,help_click,S4
G7,1442,help_click,S4
G7,1443,help_click,S4
G7,1444,help_click,S4
G7,1445,help_click,S4
G7,1446,help_click,S4
G7,1447,help_click,S4
G7,1448,help_click,S4
G7,1449,help_click,S4
G7,1450,help_click,S4
G7,1451,help_click,S4
G7,1452,help_click,S4
G7,1453,help_click,S4
G7,1454,help_click,S4
G7,1455,help_click,S4
G7,1456,help_click,S4
G7,1457,help_click,S4
G7,1458,help_click,S4
G7,1459,help_click,S4
G7,1460,help_click,S4
G7,1461,help_click,S4
G7,1462,help_click,S4
G7,1463,help_click,S4
G7,1464,help_click,S4
G7,1465,help_click,S4
G7,1466,help_click,S4
G7,1467,help_click,S4
G7,1468,help_click,S4
G7,1469,help_click,S4
G7,1470,help_click,S4
G7,1471,help_click,S4
G7,1472,help_click,S4
G7,1473,help_click,S4
G7,1474,help_click,S4
G7,1475,help_click,S4
G7,1476,help_click,S4
G7,1477,help_click,S4
G7,1478,help_click,S4
G7,1479,help_click,S4
G7,1480,help_click,S4
G7,1481,help_click,S4
G7,1482,help_click,S4
G7,1483,help_click,S4
G7,1484,help_click,S4
G7,1485,help_click,S4
G7,1486,help_click,S4
G7,1487,help_click,S4
G7,1488,help_click,S4
G7,1489,help_click,S4
G7,1490,help_click,S4
G7,1491,help_click,S4
G7,1492,help_click,S4
G7,1493,help_click,S4
G7,1494,help_click,S4
G7,1495,help_click,S4
G7,1496,help_click,S4
G7,1497,help_click,S4
G7,1498,help_click,S4
G7,1499,help_click,S4
G7,1500,help_click,S4
G7,1501,help_click,S4
G7,1502,help_click,S4
G7,1503,help_click,S4
G7,1504,help_click,S4
G7,1505,help_click,S4
G7,1506,help_click,S4
G7,1507,help_click,S4
G7,1508,help_click,S4
G7,1509,help_click,S4
G7,1510,help_click,S4
G7,1511,help_click,S4
G7,1512,help_click,S4
G7,1513,help_click,S4
G7,1514,help_click,S4
G7,1515,help_click,S4
G7,1516,help_click,S4
G7,1517,help_click,S4
G7,1518,help_click,S4
G7,1519,help_click,S4
G7,1520,help_click,S4
G7,1521,help_click,S4
G7,1522,help_click,S4
G7,1523,help_click,S4
G7,1524,help_click,S4
G7,1525,help_click,S4
G7,1526,help_click,S4
G7,1527,help_click,S4
G7,1528,help_click,S4
G7,1529,help_click,S4
G7,1530,help_click,S4
G7,1531,help_click,S4
G7,1532,help_click,S4
G7,1533,help_click,S4
G7,1534,help_click,S4
G7,1535,help_click,S4
G7,1536,help_click,S4
G7,1537,help_click,S4
G7,1538,help_click,S4
G7,1539,help_click,S4
G7,1540,help_click,S4
G7,1541,help_click,S4
G7,1542,help_click,S4
G7,1543,help_click,S4
G7,1544,help_click,S4
G7,1545,help_click,S4
G7,1546,help_click,S4
G7,1547,help_click,S4
G7,1548,help_click,S4
G7,1549,help_click,S4
G7,1550,help_click,S4
G7,1551,help_click,S4
G7,1552,help_click,S4
G7,1553,help_click,S4
G7,1554,help_click,S4
G7,1555,help_click,S4
G7,1556,help_click,S4
G7,1557,help_click,S4
G7,1558,help_click,S4
G7,1559,help_click,S4
G7,1560,help_click,S4
G7,1561,help_click,S4
G7,1562,help_click,S4
G7,1563,help_click,S4
G7,1564,help_click,S4
G7,1565,help_click,S4
G7,1566,help_click,S4
G7,1567,help_click,S4
G7,1568,help_click,S4
G7,1569,help_click,S4
G7,1570,help_click,S4
G7,1571,help_click,S4
G7,1572,help_click,S4
G7,1573,help_click,S4
G7,1574,help_click,S4
G7,1575,help_click,S4
G7,1576,help_click,S4
G7,1577,help_click,S4
G7,1578,help_click,S4
G7,1579,help_click,S4
G7,1580,help_click,S4
G7,1581,help_click,S4
G7,1582,help_click,S4
G7,1583,help_click,S4
G7,1584,help_click,S4
G7,1585,help_click,S4
G7,1586,help_click,S4
G7,1587,help_click,S4
G7,1588,help_click,S4
G7,1589,help_click,S4
G7,1590,help_click,S4
G7,1591,help_click,S4
G7,1592,help_click,S4
G7,1593,help_click,S4
G7,1594,help_click,S4
G7,1595,help_click,S4
G7,1596,help_click,S4
G7,1597,help_click,S4
G7,1598,help_click,S4
G7,1599,help_click,S4
G7,1600,help_click,S4
G7,1601,help_click,S4
G7,1602,help_click,S4
G7,1603,help_click,S4
G7,1604,help_click,S4
G7,1605,help_click,S4
G7,1606,help_click,S4
G7,1607,help_click,S4
G7,1608,help_click,S4
G7,1609,help_click,S4
G7,1610,help_click,S4
G7,1611,help_click,S4
G7,1612,help_click,S4
G7,1613,help_click,S4
G7,1614,help_click,S4
G7,1615,help_click,S4
G7,1616,help_click,S4
G7,1617,help_click,S4
G7,1618,help_click,S4
G7,1619,help_click,S4
G7,1620,help_click,S4
G7,1621,help_click,S4
G7,1622,help_click,S4
G7,1623,help_click,S4
G7,1624,help_click,S4
G7,1625,help_click,S4
G7,1626,help_click,S4
G7,1627,help_click,S4
G7,1628,help_click,S4
G7,1629,help_click,S4
G7,1630,help_click,S4
G7,1631,help_click,S4
G7,1632,help_click,S4
G7,1633,help_click,S4
G7,1634,help_click,S4
G7,1635,help_click,S4
G7,1636,help_click,S4
G7,1637,help_click,S4
G7,1638,help_click,S4
G7,1639,help_click,S4
G7,1640,help_click,S4
G7,1641,help_click,S4
G7,1642,help_click,S4
G7,1643,help_click,S4
G7,1644,help_click,S4
G7,1645,help_click,S4
G7,1646,help_click,S4
G7,1647,help_click,S4
G7,1648,help_click,S4
G7,1649,help_click,S4
G7,1650,help_click,S4
G7,1651,help_click,S4
G7,1652,help_click,S4
G7,1653,help_click,S4
G7,1654,help_click,S4
G7,1655,help_click,S4
G7,1656,help_click,S4
G7,1657,help_click,S4
G7,1658,help_click,S4
G7,1659,help_click,S4
G7,1660,help_click,S4
G7,1661,help_click,S4
G7,1662,help_click,S4
G7,1663,help_click,S4
G7,1664,help_click,S4
G7,1665,help_click,S4
G7,1666,help_click,S4
G7,1667,help_click,S4
G7,1668,help_click,S4
G7,1669,help_click,S4
G7,1670,help_click,S4
G7,1671,help_click,S4
G7,1672,help_click,S4
G7,1673,help_click,S4
G7,1674,help_click,S4
G7,1675,help_click,S4
G7,1676,help_click,S4
G7,1677,help_click,S4
G7,1678,help_click,S4
G7,1679,help_click,S4
G7,1680,help_click,S4
G7,1681,help_click,S4
G7,1682,help_click,S4
G7,1683,help_click,S4
G7,1684,help_click,S4
G7,1685,help_click,S4
G7,1686,help_click,S4
G7,1687,help_click,S4
G7,1688,help_click,S4
G7,1689,help_click,S4
G7,1690,help_click,S4
G7,1691,help_click,S4
G7,1692,help_click,S4
G7,1693,help_click,S4
G7,1694,help_click,S4
G7,1695,help_click,S4
G7,1696,help_click,S4
G7,1697,help_click,S4
G7,1698,help_click,S4
G7,1699,help_click,S4
G7,1700,help_click,S4
G7,1701,help_click,S4
G7,1702,help_click,S4
G7,1703,help_click,S4
G7,1704,help_click,S4
G7,1705,help_click,S4
G7,1706,help_click,S4
G7,1707,help_click,S4
G7,1708,help_click,S4
G7,1709,help_click,S4
G7,1710,help_click,S4
G7,1711,help_click,S4
G7,1712,help_click,S4
G7,1713,help_click,S4
G7,1714,help_click,S4
G7,1715,help_click,S4
G7,1716,help_click,S4
G7,1717,help_click,S4
G7,1718,help_click,S4
G7,1719,help_click,S4
G7,1720,help_click,S4
G7,1721,help_click,S4
G7,1722,help_click,S4
G7,1723,help_click,S4
G7,1724,help_click,S4
G7,1725,help_click,S4
G7,1726,help_click,S4
G7,1727,help_click,S4
G7,1728,help_click,S4
G7,1729,help_click,S4
G7,1730,help_click,S4
G7,1731,help_click,S4
G7,1732,help_click,S4
G7,1733,help_click,S4
G7,1734,help_click,S4
G7,1735,help_click,S4
G7,1736,help_click,S4
G7,1737,help_click,S4
G7,1738,help_click,S4
G7,1739,help_click,S4
G7,1740,help_click,S4
G7,1741,help_click,S4
G7,1742,help_click,S4
G7,1743,help_click,S4
G7,1744,help_click,S4
G7,1745,help_click,S4
G7,1746,help_click,S4
G7,1747,help_click,S4
G7,1748,help_click,S4
G7,1749,help_click,S4
G7,1750,help_click,S4
G7,1751,help_click,S4
G7,1752,help_click,S4
G7,1753,help_click,S4
G7,1754,help_click,S4
G7,1755,help_click,S4
G7,1756,help_click,S4
G7,1757,help_click,S4
G7,1758,help_click,S4
G7,1759,help_click,S4
G7,1760,help_click,S4
G7,1761,help_click,S4
G7,1762,help_click,S4
G7,1763,help_click,S4
G7,1764,help_click,S4
G7,1765,help_click,S4
G7,1766,submit,S4
G7,1767,navigate,S5
G7,1768,help_click,S5
G7,1769,help_click,S5
G7,1770,help_click,S5
G7,1771,help_click,S5
G7,1772,help_click,S5
G7,1773,help_click,S5
G7,1774,help_click,S5
G7,1775,help_click,S5
G7,1776,help_click,S5
G7,1777,help_click,S5
G7,1778,help_click,S5
G7,1779,help_click,S5
G7,1780,help_click,S5
G7,1781,help_click,S5
G7,1782,help_click,S5
G7,1783,help_click,S5
G7,1784,help_click,S5
G7,1785,help_click,S5
G7,1786,help_click,S5
G7,1787,help_click,S5
G7,1788,help_click,S5
G7,1789,help_click,S5
G7,1790,help_click,S5
G7,1791,help_click,S5
G7,1792,help_click,S5
G7,1793,help_click,S5
G7,1794,help_click,S5
G7,1795,help_click,S5
G7,1796,help_click,S5
G7,1797,help_click,S5
G7,1798,help_click,S5
G7,1799,help_click,S5
G7,1800,help_click,S5
G7,1801,help_click,S5
G7,1802,help_click,S5
G7,1803,help_click,S5
G7,1804,help_click,S5
G7,1805,help_click,S5
G7,1806,help_click,S5
G7,1807,help_click,S5
G7,1808,help_click,S5
G7,1809,help_click,S5
G7,1810,help_click,S5
G7,1811,help_click,S5
G7,1812,help_click,S5
G7,1813,help_click,S5
G7,1814,help_click,S5
G7,1815,help_click,S5
G7,1816,help_click,S5
G7,1817,help_click,S5
G7,1818,help_click,S5
G7,1819,help_click,S5
G7,1820,help_click,S5
G7,1821,help_click,S5
G7,1822,help_click,S5
G7,1823,help_click,S5
G7,1824,help_click,S5
G7,1825,help_click,S5
G7,1826,help_click,S5
G7,1827,help_click,S5
G7,1828,help_click,S5
G7,1829,help_click,S5
G7,1830,help_click,S5
G7,1831,help_click,S5
G7,1832,help_click,S5
G7,1833,help_click,S5
G7,1834,help_click,S5
G7,1835,help_click,S5
G7,1836,help_click,S5
G7,1837,help_click,S5
G7,1838,help_click,S5
G7,1839,help_click,S5
G7,1840,help_click,S5
G7,1841,help_click,S5
G7,1842,help_click,S5
G7,1843,help_click,S5
G7,1844,help_click,S5
G7,1845,help_click,S5
G7,1846,help_click,S5
G7,1847,help_click,S5
G7,1848,help_click,S5
G7,1849,help_click,S5
G7,1850,help_click,S5
G7,1851,help_click,S5
G7,1852,help_click,S5
G7,1853,help_click,S5
G7,1854,help_click,S5
G7,1855,help_click,S5
G7,1856,help_click,S5
G7,1857,help_click,S5
G7,1858,help_click,S5
G7,1859,help_click,S5
G7,1860,help_click,S5
G7,1861,help_click,S5
G7,1862,help_click,S5
G7,1863,help_click,S5
G7,1864,help_click,S5
G7,1865,help_click,S5
G7,1866,help_click,S5
G7,1867,help_click,S5
G7,1868,help_click,S5
G7,1869,help_click,S5
G7,1870,help_click,S5
G7,1871,help_click,S5
G7,1872,help_click,S5
G7,1873,help_click,S5
G7,1874,help_click,S5
G7,1875,help_click,S5
G7,1876,help_click,S5
G7,1877,help_click,S5
G7,1878,help_click,S5
G7,1879,help_click,S5
G7,1880,help_click,S5
G7,1881,help_click,S5
G7,1882,help_click,S5
G7,1883,help_click,S5
G7,1884,help_click,S5
G7,1885,help_click,S5
G7,1886,help_click,S5
G7,1887,help_click,S5
G7,1888,help_click,S5
G7,1889,help_click,S5
G7,1890,help_click,S5
G7,1891,help_click,S5
G7,1892,help_click,S5
G7,1893,help_click,S5
G7,1894,help_click,S5
G7,1895,help_click,S5
G7,1896,help_click,S5
G7,1897,help_click,S5
G7,1898,help_click,S5
G7,1899,help_click,S5
G7,1900,help_click,S5
G7,1901,help_click,S5
G7,1902,help_click,S5
G7,1903,help_click,S5
G7,1904,help_click,S5
G7,1905,help_click,S5
G7,1906,help_click,S5
G7,1907,help_click,S5
G7,1908,help_click,S5
G7,1909,help_click,S5
G7,1910,help_click,S5
G7,1911,help_click,S5
G7,1912,help_click,S5
G7,1913,help_click,S5
G7,1914,help_click,S5
G7,1915,help_click,S5
G7,1916,help_click,S5
G7,1917,help_click,S5
G7,1918,help_click,S5
G7,1919,help_click,S5
G7,1920,help_click,S5
G7,1921,help_click,S5
G7,1922,help_click,S5
G7,1923,help_click,S5
G7,1924,help_click,S5
G7,1925,help_click,S5
G7,1926,help_click,S5
G7,1927,help_click,S5
G7,1928,help_click,S5
G7,1929,help_click,S5
G7,1930,help_click,S5
G7,1931,help_click,S5
G7,1932,help_click,S5
G7,1933,help_click,S5
G7,1934,help_click,S5
G7,1935,help_click,S5
G7,1936,help_click,S5
G7,1937,help_click,S5
G7,1938,help_click,S5
G7,1939,help_click,S5
G7,1940,help_click,S5
G7,1941,help_click,S5
G7,1942,help_click,S5
G7,1943,help_click,S5
G7,1944,help_click,S5
G7,1945,help_click,S5
G7,1946,help_click,S5
G7,1947,help_click,S5
G7,1948,help_click,S5
G7,1949,help_click,S5
G7,1950,help_click,S5
G7,1951,help_click,S5
G7,1952,help_click,S5
G7,1953,help_click,S5
G7,1954,help_click,S5
G7,1955,help_click,S5
G7,1956,help_click,S5
G7,1957,help_click,S5
G7,1958,help_click,S5
G7,1959,help_click,S5
G7,1960,help_click,S5
G7,1961,help_click,S5
G7,1962,help_click,S5
G7,1963,help_click,S5
G7,1964,help_click,S5
G7,1965,help_click,S5
G7,1966,help_click,S5
G7,1967,help_click,S5
G7,1968,help_click,S5
G7,1969,help_click,S5
G7,1970,help_click,S5
G7,1971,help_click,S5
G7,1972,help_click,S5
G7,1973,help_click,S5
G7,1974,help_click,S5
G7,1975,help_click,S5
G7,1976,help_click,S5
G7,1977,help_click,S5
G7,1978,help_click,S5
G7,1979,help_click,S5
G7,1980,help_click,S5
G7,1981,help_click,S5
G7,1982,help_click,S5
G7,1983,help_click,S5
G7,1984,help_click,S5
G7,1985,help_click,S5
G7,1986,help_click,S5
G7,1987,help_click,S5
G7,1988,help_click,S5
G7,1989,help_click,S5
G7,1990,help_click,S5
G7,1991,help_click,S5
G7,1992,help_click,S5
G7,1993,help_click,S5
G7,1994,help_click,S5
G7,1995,help_click,S5
G7,1996,help_click,S5
G7,1997,help_click,S5
G7,1998,help_click,S5
G7,1999,help_click,S5
G7,2000,help_click,S5
G7,2001,help_click,S5
G7,2002,help_click,S5
G7,2003,help_click,S5
G7,2004,help_click,S5
G7,2005,help_click,S5
G7,2006,help_click,S5
G7,2007,help_click,S5
G7,2008,help_click,S5
G7,2009,help_click,S5
G7,2010,help_click,S5
G7,2011,help_click,S5
G7,2012,help_click,S5
G7,2013,help_click,S5
G7,2014,help_click,S5
G7,2015,help_click,S5
G7,2016,help_click,S5
G7,2017,help_click,S5
G7,2018,help_click,S5
G7,2019,help_click,S5
G7,2020,help_click,S5
G7,2021,help_click,S5
G7,2022,help_click,S5
G7,2023,help_click,S5
G7,2024,help_click,S5
G7,2025,help_click,S5
G7,2026,help_click,S5
G7,2027,help_click,S5
G7,2028,help_click,S5
G7,2029,help_click,S5
G7,2030,help_click,S5
G7,2031,help_click,S5
G7,2032,help_click,S5
G7,2033,help_click,S5
G7,2034,help_click,S5
G7,2035,help_click,S5
G7,2036,help_click,S5
G7,2037,help_click,S5
G7,2038,help_click,S5
G7,2039,help_click,S5
G7,2040,help_click,S5
G7,2041,help_click,S5
G7,2042,help_click,S5
G7,2043,help_click,S5
G7,2044,help_click,S5
G7,2045,help_click,S5
G7,2046,help_click,S5
G7,2047,help_click,S5
G7,2048,help_click,S5
G7,2049,help_click,S5
G7,2050,help_click,S5
G7,2051,help_click,S5
G7,2052,help_click,S5
G7,2053,help_click,S5
G7,2054,help_click,S5
G7,2055,help_click,S5
G7,2056,help_click,S5
G7,2057,help_click,S5
G7,2058,help_click,S5
G7,2059,help_click,S5
G7,2060,help_click,S5
G7,2061,help_click,S5
G7,2062,help_click,S5
G7,2063,help_click,S5
G7,2064,help_click,S5
G7,2065,help_click,S5
G7,2066,help_click,S5
G7,2067,help_click,S5
G7,2068,help_click,S5
G7,2069,help_click,S5
G7,2070,help_click,S5
G7,2071,help_click,S5
G7,2072,help_click,S5
G7,2073,help_click,S5
G7,2074,help_click,S5
G7,2075,help_click,S5
G7,2076,help_click,S5
G7,2077,help_click,S5
G7,2078,help_click,S5
G7,2079,help_click,S5
G7,2080,help_click,S5
G7,2081,help_click,S5
G7,2082,help_click,S5
G7,2083,help_click,S5
G7,2084,help_click,S5
G7,2085,help_click,S5
G7,2086,help_click,S5
G7,2087,help_click,S5
G7,2088,help_click,S5
G7,2089,help_click,S5
G7,2090,help_click,S5
G7,2091,help_click,S5
G7,2092,help_click,S5
G7,2093,help_click,S5
G7,2094,submit,S5
G7,2095,navigate,S6
G7,2096,help_click,S6
G7,2097,help_click,S6
G7,2098,help_click,S6
G7,2099,help_click,S6
G7,2100,help_click,S6
G7,2101,help_click,S6
G7,2102,help_click,S6
G7,2103,help_click,S6
G7,2104,help_click,S6
G7,2105,help_click,S6
G7,2106,help_click,S6
G7,2107,help_click,S6
G7,2108,help_click,S6
G7,2109,help_click,S6
G7,2110,help_click,S6
G7,2111,help_click,S6
G7,2112,help_click,S6
G7,2113,help_click,S6
G7,2114,help_click,S6
G7,2115,help_click,S6
G7,2116,help_click,S6
G7,2117,help_click,S6
G7,2118,help_click,S6
G7,2119,help_click,S6
G7,2120,help_click,S6
G7,2121,help_click,S6
G7,2122,help_click,S6
G7,2123,help_click,S6
G7,2124,help_click,S6
G7,2125,help_click,S6
G7,2126,help_click,S6
G7,2127,help_click,S6
G7,2128,help_click,S6
G7,2129,help_click,S6
G7,2130,help_click,S6
G7,2131,help_click,S6
G7,2132,help_click,S6
G7,2133,help_click,S6
G7,2134,help_click,S6
G7,2135,help_click,S6
G7,2136,help_click,S6
G7,2137,help_click,S6
G7,2138,help_click,S6
G7,2139,help_click,S6
G7,2140,help_click,S6
G7,2141,help_click,S6
G7,2142,help_click,S6
G7,2143,help_click,S6
G7,2144,help_click,S6
G7,2145,help_click,S6
G7,2146,help_click,S6
G7,2147,help_click,S6
G7,2148,help_click,S6
G7,2149,help_click,S6
G7,2150,help_click,S6
G7,2151,help_click,S6
G7,2152,help_click,S6
G7,2153,help_click,S6
G7,2154,help_click,S6
G7,2155,help_click,S6
G7,2156,help_click,S6
G7,2157,help_click,S6
G7,2158,help_click,S6
G7,2159,help_click,S6
G7,2160,help_click,S6
G7,2161,help_click,S6
G7,2162,help_click,S6
G7,2163,help_click,S6
G7,2164,help_click,S6
G7,2165,help_click,S6
G7,2166,help_click,S6
G7,2167,help_click,S6
G7,2168,help_click,S6
G7,2169,help_click,S6
G7,2170,help_click,S6
G7,2171,help_click,S6
G7,2172,help_click,S6
G7,2173,help_click,S6
G7,2174,help_click,S6
G7,2175,help_click,S6
G7,2176,help_click,S6
G7,2177,help_click,S6
G7,2178,help_click,S6
G7,2179,help_click,S6
G7,2180,help_click,S6
G7,2181,help_click,S6
G7,2182,help_click,S6
G7,2183,help_click,S6
G7,2184,help_click,S6
G7,2185,help_click,S6
G7,2186,help_click,S6
G7,2187,help_click,S6
G7,2188,help_click,S6
G7,2189,help_click,S6
G7,2190,help_click,S6
G7,2191,help_click,S6
G7,2192,help_click,S6
G7,2193,help_click,S6
G7,2194,help_click,S6
G7,2195,help_click,S6
G7,2196,help_click,S6
G7,2197,help_click,S6
G7,2198,help_click,S6
G7,2199,help_click,S6
G7,2200,help_click,S6
G7,2201,help_click,S6
G7,2202,help_click,S6
G7,2203,help_click,S6
G7,2204,help_click,S6
G7,2205,help_click,S6
G7,2206,help_click,S6
G7,2207,help_click,S6
G7,2208,help_click,S6
G7,2209,help_click,S6
G7,2210,help_click,S6
G7,2211,help_click,S6
G7,2212,help_click,S6
G7,2213,help_click,S6
G7,2214,help_click,S6
G7,2215,help_click,S6
G7,2216,help_click,S6
G7,2217,help_click,S6
G7,2218,help_click,S6
G7,2219,help_click,S6
G7,2220,help_click,S6
G7,2221,help_click,S6
G7,2222,help_click,S6
G7,2223,help_click,S6
G7,2224,help_click,S6
G7,2225,help_click,S6
G7,2226,help_click,S6
G7,2227,help_click,S6
G7,2228,help_click,S6
G7,2229,help_click,S6
G7,2230,help_click,S6
G7,2231,help_click,S6
G7,2232,help_click,S6
G7,2233,help_click,S6
G7,2234,help_click,S6
G7,2235,help_click,S6
G7,2236,help_click,S6
G7,2237,help_click,S6
G7,2238,help_click,S6
G7,2239,help_click,S6
G7,2240,help_click,S6
G7,2241,help_click,S6
G7,2242,help_click,S6
G7,2243,help_click,S6
G7,2244,help_click,S6
G7,2245,help_click,S6
G7,2246,help_click,S6
G7,2247,help_click,S6
G7,2248,help_click,S6
G7,2249,help_click,S6
G7,2250,help_click,S6
G7,2251,help_click,S6
G7,2252,help_click,S6
G7,2253,help_click,S6
G7,2254,help_click,S6
G7,2255,help_click,S6
G7,2256,help_click,S6
G7,2257,help_click,S6
G7,2258,help_click,S6
G7,2259,help_click,S6
G7,2260,help_click,S6
G7,2261,help_click,S6
G7,2262,help_click,S6
G7,2263,help_click,S6
G7,2264,help_click,S6
G7,2265,help_click,S6
G7,2266,help_click,S6
G7,2267,help_click,S6
G7,2268,help_click,S6
G7,2269,help_click,S6
G7,2270,help_click,S6
G7,2271,help_click,S6
G7,2272,help_click,S6
G7,2273,help_click,S6
G7,2274,help_click,S6
G7,2275,help_click,S6
G7,2276,help_click,S6
G7,2277,help_click,S6
G7,2278,help_click,S6
G7,2279,help_click,S6
G7,2280,help_click,S6
G7,2281,help_click,S6
G7,2282,help_click,S6
G7,2283,help_click,S6
G7,2284,help_click,S6
G7,2285,help_click,S6
G7,2286,help_click,S6
G7,2287,help_click,S6
G7,2288,help_click,S6
G7,2289,help_click,S6
G7,2290,help_click,S6
G7,2291,help_click,S6
G7,2292,help_click,S6
G7,2293,help_click,S6
G7,2294,help_click,S6
G7,2295,help_click,S6
G7,2296,help_click,S6
G7,2297,help_click,S6
G7,2298,help_click,S6
G7,2299,help_click,S6
G7,2300,help_click,S6
G7,2301,help_click,S6
G7,2302,help_click,S6
G7,2303,help_click,S6
G7,2304,help_click,S6
G7,2305,help_click,S6
G7,2306,help_click,S6
G7,2307,help_click,S6
G7,2308,help_click,S6
G7,2309,help_click,S6
G7,2310,help_click,S6
G7,2311,help_click,S6
G7,2312,help_click,S6
G7,2313,help_click,S6
G7,2314,help_click,S6
G7,2315,help_click,S6
G7,2316,help_click,S6
G7,2317,help_click,S6
G7,2318,help_click,S6
G7,2319,help_click,S6
G7,2320,help_click,S6
G7,2321,help_click,S6
G7,2322,help_click,S6
G7,2323,help_click,S6
G7,2324,help_click,S6
G7,2325,help_click,S6
G7,2326,help_click,S6
G7,2327,help_click,S6
G7,2328,help_click,S6
G7,2329,help_click,S6
G7,2330,help_click,S6
G7,2331,help_click,S6
G7,2332,help_click,S6
G7,2333,help_click,S6
G7,2334,help_click,S6
G7,2335,help_click,S6
G7,2336,help_click,S6
G7,2337,help_click,S6
G7,2338,help_click,S6
G7,2339,help_click,S6
G7,2340,help_click,S6
G7,2341,help_click,S6
G7,2342,help_click,S6
G7,2343,help_click,S6
G7,2344,help_click,S6
G7,2345,help_click,S6
G7,2346,help_click,S6
G7,2347,help_click,S6
G7,2348,help_click,S6
G7,2349,help_click,S6
G7,2350,help_click,S6
G7,2351,help_click,S6
G7,2352,help_click,S6
G7,2353,help_click,S6
G7,2354,help_click,S6
G7,2355,help_click,S6
G7,2356,help_click,S6
G7,2357,help_click,S6
G7,2358,help_click,S6
G7,2359,help_click,S6
G7,2360,help_click,S6
G7,2361,help_click,S6
G7,2362,help_click,S6
G7,2363,help_click,S6
G7,2364,help_click,S6
G7,2365,help_click,S6
G7,2366,help_click,S6
G7,2367,help_click,S6
G7,2368,help_click,S6
G7,2369,help_click,S6
G7,2370,help_click,S6
G7,2371,help_click,S6
G7,2372,help_click,S6
G7,2373,help_click,S6
G7,2374,help_click,S6
G7,2375,help_click,S6
G7,2376,help_click,S6
G7,2377,help_click,S6
G7,2378,help_click,S6
G7,2379,help_click,S6
G7,2380,help_click,S6
G7,2381,help_click,S6
G7,2382,help_click,S6
G7,2383,help_click,S6
G7,2384,help_click,S6
G7,2385,help_click,S6
G7,2386,help_click,S6
G7,2387,help_click,S6
G7,2388,help_click,S6
G7,2389,help_click,S6
G7,2390,help_click,S6
G7,2391,help_click,S6
G7,2392,help_click,S6
G7,2393,help_click,S6
G7,2394,help_click,S6
G7,2395,help_click,S6
G7,2396,help_click,S6
G7,2397,help_click,S6
G7,2398,help_click,S6
G7,2399,help_click,S6
G7,2400,help_click,S6
G7,2401,help_click,S6
G7,2402,help_click,S6
G7,2403,help_click,S6
G7,2404,help_click,S6
G7,2405,help_click,S6
G7,2406,help_click,S6
G7,2407,help_click,S6
G7,2408,help_click,S6
G7,2409,help_click,S6
G7,2410,help_click,S6
G7,2411,help_click,S6
G7,2412,help_click,S6
G7,2413,help_click,S6
G7,2414,help_click,S6
G7,2415,help_click,S6
G7,2416,help_click,S6
G7,2417,help_click,S6
G7,2418,help_click,S6
G7,2419,help_click,S6
G7,2420,help_click,S6
G7,2421,help_click,S6
G7,2422,submit,S6
G8,0,navigate,S0
G8,1,help_click,S0
G8,2,agent_probe,S0
G8,3,submit,S0
G8,4,navigate,S1
G8,5,help_click,S1
G8,6,agent_scaffold,S1
G8,7,submit,S1
G8,8,navigate,S2
G8,9,submit,S2
G8,10,navigate,S3
G8,11,submit,S3
G8,12,navigate,S4
G8,13,submit,S4
G8,14,navigate,S5
G8,15,submit,S5
G8,16,navigate,S6
G8,17,submit,S6
G8,18,agent_probe,S5
G8,19,agent_scaffold,S5
G8,20,agent_scaffold,S5
G8,21,agent_scaffold,S5
G8,22,agent_scaffold,S5
G8,23,agent_scaffold,S5
G8,24,agent_scaffold,S5
G8,25,agent_scaffold,S5
G8,26,agent_scaffold,S5
G8,27,agent_scaffold,S5
G9,0,navigate,S0
G9,1,help_click,S0
G9,2,agent_probe,S0
G9,3,submit,S0
G9,4,navigate,S1
G9,5,help_click,S1
G9,6,agent_scaffold,S1
G9,7,submit,S1
G9,8,navigate,S2
G9,9,submit,S2
G9,10,navigate,S3
G9,11,submit,S3
G9,12,navigate,S4
G9,13,submit,S4
G9,14,navigate,S5
G9,15,submit,S5
G9,16,navigate,S6
G9,17,submit,S6
G9,18,agent_probe,S5
G9,19,agent_probe,S5
G9,20,agent_probe,S5
G9,21,agent_probe,S5
G9,22,agent_probe,S5
G9,23,agent_scaffold,S5
G9,24,agent_scaffold,S5
G9,25,agent_scaffold,S5
G9,26,agent_scaffold,S5
G9,27,agent_scaffold,S5
G9,28,agent_scaffold,S5
G9,29,agent_scaffold,S5
G9,30,agent_scaffold,S5
G9,31,agent_scaffold,S5
G9,32,agent_scaffold,S5
G9,33,agent_scaffold,S5
G9,34,agent_scaffold,S5
G9,35,agent_scaffold,S5
G9,36,agent_scaffold,S5
G9,37,agent_scaffold,S5
G10,0,navigate,S0
G10,1,help_click,S0
G10,2,agent_probe,S0
G10,3,help_click,S0
G10,4,agent_scaffold,S0
G10,5,submit,S0
G10,6,navigate,S1
G10,7,help_click,S1
G10,8,agent_scaffold,S1
G10,9,help_click,S1
G10,10,agent_scaffold,S1
G10,11,submit,S1
G10,12,navigate,S2
G10,13,help_click,S2
G10,14,agent_probe,S2
G10,15,help_click,S2
G10,16,agent_scaffold,S2
G10,17,submit,S2
G10,18,navigate,S3
G10,19,help_click,S3
G10,20,agent_scaffold,S3
G10,21,submit,S3
G10,22,navigate,S4
G10,23,help_click,S4
G10,24,agent_scaffold,S4
G10,25,submit,S4
G10,26,navigate,S5
G10,27,help_click,S5
G10,28,agent_probe,S5
G10,29,submit,S5
G10,30,navigate,S6
G10,31,help_click,S6
G10,32,agent_scaffold,S6
G10,33,submit,S6
G10,34,agent_probe,S5
G10,35,agent_scaffold,S5
G10,36,agent_scaffold,S5
G10,37,agent_scaffold,S5
G10,38,agent_scaffold,S5
